-- Sample seed data for demo/presentation
-- Adds 100 users, 100 products, and 1 thumbnail per product (enderecoimagem)
-- Run this on the database where the schema from sql/schema_v02.sql is already applied.

SET NAMES utf8mb4;
SET FOREIGN_KEY_CHECKS = 0;

-- Insert users (fixed multi-row syntax)
INSERT INTO usuarios (idUsuarios, Nome, Email, DataNascimento, CPF, Senha, Cargos_idCargos) VALUES
(1, 'Demo User 1', 'demo1@example.test', '1990-01-01', '00000000001', '$2y$10$abcdefghijklmnopqrstuvABCDEFGHIJKLMNO123456789012', 4),
(2, 'Demo User 2', 'demo2@example.test', '1990-01-01', '00000000002', '$2y$10$abcdefghijklmnopqrstuvABCDEFGHIJKLMNO123456789012', 4),
(3, 'Demo User 3', 'demo3@example.test', '1990-01-01', '00000000003', '$2y$10$abcdefghijklmnopqrstuvABCDEFGHIJKLMNO123456789012', 4),
(4, 'Demo User 4', 'demo4@example.test', '1990-01-01', '00000000004', '$2y$10$abcdefghijklmnopqrstuvABCDEFGHIJKLMNO123456789012', 4),
(5, 'Demo User 5', 'demo5@example.test', '1990-01-01', '00000000005', '$2y$10$abcdefghijklmnopqrstuvABCDEFGHIJKLMNO123456789012', 4),
(6, 'Demo User 6', 'demo6@example.test', '1990-01-01', '00000000006', '$2y$10$abcdefghijklmnopqrstuvABCDEFGHIJKLMNO123456789012', 4),
(7, 'Demo User 7', 'demo7@example.test', '1990-01-01', '00000000007', '$2y$10$abcdefghijklmnopqrstuvABCDEFGHIJKLMNO123456789012', 4),
(8, 'Demo User 8', 'demo8@example.test', '1990-01-01', '00000000008', '$2y$10$abcdefghijklmnopqrstuvABCDEFGHIJKLMNO123456789012', 4),
(9, 'Demo User 9', 'demo9@example.test', '1990-01-01', '00000000009', '$2y$10$abcdefghijklmnopqrstuvABCDEFGHIJKLMNO123456789012', 4),
(10, 'Demo User 10', 'demo10@example.test', '1990-01-01', '00000000010', '$2y$10$abcdefghijklmnopqrstuvABCDEFGHIJKLMNO123456789012', 4),
(11, 'Demo User 11', 'demo11@example.test', '1990-01-01', '00000000011', '$2y$10$abcdefghijklmnopqrstuvABCDEFGHIJKLMNO123456789012', 4),
(12, 'Demo User 12', 'demo12@example.test', '1990-01-01', '00000000012', '$2y$10$abcdefghijklmnopqrstuvABCDEFGHIJKLMNO123456789012', 4),
(13, 'Demo User 13', 'demo13@example.test', '1990-01-01', '00000000013', '$2y$10$abcdefghijklmnopqrstuvABCDEFGHIJKLMNO123456789012', 4),
(14, 'Demo User 14', 'demo14@example.test', '1990-01-01', '00000000014', '$2y$10$abcdefghijklmnopqrstuvABCDEFGHIJKLMNO123456789012', 4),
(15, 'Demo User 15', 'demo15@example.test', '1990-01-01', '00000000015', '$2y$10$abcdefghijklmnopqrstuvABCDEFGHIJKLMNO123456789012', 4),
(16, 'Demo User 16', 'demo16@example.test', '1990-01-01', '00000000016', '$2y$10$abcdefghijklmnopqrstuvABCDEFGHIJKLMNO123456789012', 4),
(17, 'Demo User 17', 'demo17@example.test', '1990-01-01', '00000000017', '$2y$10$abcdefghijklmnopqrstuvABCDEFGHIJKLMNO123456789012', 4),
(18, 'Demo User 18', 'demo18@example.test', '1990-01-01', '00000000018', '$2y$10$abcdefghijklmnopqrstuvABCDEFGHIJKLMNO123456789012', 4),
(19, 'Demo User 19', 'demo19@example.test', '1990-01-01', '00000000019', '$2y$10$abcdefghijklmnopqrstuvABCDEFGHIJKLMNO123456789012', 4),
(20, 'Demo User 20', 'demo20@example.test', '1990-01-01', '00000000020', '$2y$10$abcdefghijklmnopqrstuvABCDEFGHIJKLMNO123456789012', 4),
(21, 'Demo User 21', 'demo21@example.test', '1990-01-01', '00000000021', '$2y$10$abcdefghijklmnopqrstuvABCDEFGHIJKLMNO123456789012', 3),
(22, 'Demo User 22', 'demo22@example.test', '1990-01-01', '00000000022', '$2y$10$abcdefghijklmnopqrstuvABCDEFGHIJKLMNO123456789012', 3),
(23, 'Demo User 23', 'demo23@example.test', '1990-01-01', '00000000023', '$2y$10$abcdefghijklmnopqrstuvABCDEFGHIJKLMNO123456789012', 3),
(24, 'Demo User 24', 'demo24@example.test', '1990-01-01', '00000000024', '$2y$10$abcdefghijklmnopqrstuvABCDEFGHIJKLMNO123456789012', 3),
(25, 'Demo User 25', 'demo25@example.test', '1990-01-01', '00000000025', '$2y$10$abcdefghijklmnopqrstuvABCDEFGHIJKLMNO123456789012', 3),
(26, 'Demo User 26', 'demo26@example.test', '1990-01-01', '00000000026', '$2y$10$abcdefghijklmnopqrstuvABCDEFGHIJKLMNO123456789012', 3),
(27, 'Demo User 27', 'demo27@example.test', '1990-01-01', '00000000027', '$2y$10$abcdefghijklmnopqrstuvABCDEFGHIJKLMNO123456789012', 3),
(28, 'Demo User 28', 'demo28@example.test', '1990-01-01', '00000000028', '$2y$10$abcdefghijklmnopqrstuvABCDEFGHIJKLMNO123456789012', 3),
(29, 'Demo User 29', 'demo29@example.test', '1990-01-01', '00000000029', '$2y$10$abcdefghijklmnopqrstuvABCDEFGHIJKLMNO123456789012', 3),
(30, 'Demo User 30', 'demo30@example.test', '1990-01-01', '00000000030', '$2y$10$abcdefghijklmnopqrstuvABCDEFGHIJKLMNO123456789012', 3),
(31, 'Demo User 31', 'demo31@example.test', '1990-01-01', '00000000031', '$2y$10$abcdefghijklmnopqrstuvABCDEFGHIJKLMNO123456789012', 3),
(32, 'Demo User 32', 'demo32@example.test', '1990-01-01', '00000000032', '$2y$10$abcdefghijklmnopqrstuvABCDEFGHIJKLMNO123456789012', 3),
(33, 'Demo User 33', 'demo33@example.test', '1990-01-01', '00000000033', '$2y$10$abcdefghijklmnopqrstuvABCDEFGHIJKLMNO123456789012', 3),
(34, 'Demo User 34', 'demo34@example.test', '1990-01-01', '00000000034', '$2y$10$abcdefghijklmnopqrstuvABCDEFGHIJKLMNO123456789012', 3),
(35, 'Demo User 35', 'demo35@example.test', '1990-01-01', '00000000035', '$2y$10$abcdefghijklmnopqrstuvABCDEFGHIJKLMNO123456789012', 3),
(36, 'Demo User 36', 'demo36@example.test', '1990-01-01', '00000000036', '$2y$10$abcdefghijklmnopqrstuvABCDEFGHIJKLMNO123456789012', 3),
(37, 'Demo User 37', 'demo37@example.test', '1990-01-01', '00000000037', '$2y$10$abcdefghijklmnopqrstuvABCDEFGHIJKLMNO123456789012', 3),
(38, 'Demo User 38', 'demo38@example.test', '1990-01-01', '00000000038', '$2y$10$abcdefghijklmnopqrstuvABCDEFGHIJKLMNO123456789012', 3),
(39, 'Demo User 39', 'demo39@example.test', '1990-01-01', '00000000039', '$2y$10$abcdefghijklmnopqrstuvABCDEFGHIJKLMNO123456789012', 3),
(40, 'Demo User 40', 'demo40@example.test', '1990-01-01', '00000000040', '$2y$10$abcdefghijklmnopqrstuvABCDEFGHIJKLMNO123456789012', 3),
(41, 'Demo User 41', 'demo41@example.test', '1990-01-01', '00000000041', '$2y$10$abcdefghijklmnopqrstuvABCDEFGHIJKLMNO123456789012', 3),
(42, 'Demo User 42', 'demo42@example.test', '1990-01-01', '00000000042', '$2y$10$abcdefghijklmnopqrstuvABCDEFGHIJKLMNO123456789012', 3),
(43, 'Demo User 43', 'demo43@example.test', '1990-01-01', '00000000043', '$2y$10$abcdefghijklmnopqrstuvABCDEFGHIJKLMNO123456789012', 3),
(44, 'Demo User 44', 'demo44@example.test', '1990-01-01', '00000000044', '$2y$10$abcdefghijklmnopqrstuvABCDEFGHIJKLMNO123456789012', 3),
(45, 'Demo User 45', 'demo45@example.test', '1990-01-01', '00000000045', '$2y$10$abcdefghijklmnopqrstuvABCDEFGHIJKLMNO123456789012', 3),
(46, 'Demo User 46', 'demo46@example.test', '1990-01-01', '00000000046', '$2y$10$abcdefghijklmnopqrstuvABCDEFGHIJKLMNO123456789012', 3),
(47, 'Demo User 47', 'demo47@example.test', '1990-01-01', '00000000047', '$2y$10$abcdefghijklmnopqrstuvABCDEFGHIJKLMNO123456789012', 3),
(48, 'Demo User 48', 'demo48@example.test', '1990-01-01', '00000000048', '$2y$10$abcdefghijklmnopqrstuvABCDEFGHIJKLMNO123456789012', 3),
(49, 'Demo User 49', 'demo49@example.test', '1990-01-01', '00000000049', '$2y$10$abcdefghijklmnopqrstuvABCDEFGHIJKLMNO123456789012', 3),
(50, 'Demo User 50', 'demo50@example.test', '1990-01-01', '00000000050', '$2y$10$abcdefghijklmnopqrstuvABCDEFGHIJKLMNO123456789012', 3),
(51, 'Demo User 51', 'demo51@example.test', '1990-01-01', '00000000051', '$2y$10$abcdefghijklmnopqrstuvABCDEFGHIJKLMNO123456789012', 3),
(52, 'Demo User 52', 'demo52@example.test', '1990-01-01', '00000000052', '$2y$10$abcdefghijklmnopqrstuvABCDEFGHIJKLMNO123456789012', 3),
(53, 'Demo User 53', 'demo53@example.test', '1990-01-01', '00000000053', '$2y$10$abcdefghijklmnopqrstuvABCDEFGHIJKLMNO123456789012', 3),
(54, 'Demo User 54', 'demo54@example.test', '1990-01-01', '00000000054', '$2y$10$abcdefghijklmnopqrstuvABCDEFGHIJKLMNO123456789012', 3),
(55, 'Demo User 55', 'demo55@example.test', '1990-01-01', '00000000055', '$2y$10$abcdefghijklmnopqrstuvABCDEFGHIJKLMNO123456789012', 3),
(56, 'Demo User 56', 'demo56@example.test', '1990-01-01', '00000000056', '$2y$10$abcdefghijklmnopqrstuvABCDEFGHIJKLMNO123456789012', 3),
(57, 'Demo User 57', 'demo57@example.test', '1990-01-01', '00000000057', '$2y$10$abcdefghijklmnopqrstuvABCDEFGHIJKLMNO123456789012', 3),
(58, 'Demo User 58', 'demo58@example.test', '1990-01-01', '00000000058', '$2y$10$abcdefghijklmnopqrstuvABCDEFGHIJKLMNO123456789012', 3),
(59, 'Demo User 59', 'demo59@example.test', '1990-01-01', '00000000059', '$2y$10$abcdefghijklmnopqrstuvABCDEFGHIJKLMNO123456789012', 3),
(60, 'Demo User 60', 'demo60@example.test', '1990-01-01', '00000000060', '$2y$10$abcdefghijklmnopqrstuvABCDEFGHIJKLMNO123456789012', 3),
(61, 'Demo User 61', 'demo61@example.test', '1990-01-01', '00000000061', '$2y$10$abcdefghijklmnopqrstuvABCDEFGHIJKLMNO123456789012', 3),
(62, 'Demo User 62', 'demo62@example.test', '1990-01-01', '00000000062', '$2y$10$abcdefghijklmnopqrstuvABCDEFGHIJKLMNO123456789012', 3),
(63, 'Demo User 63', 'demo63@example.test', '1990-01-01', '00000000063', '$2y$10$abcdefghijklmnopqrstuvABCDEFGHIJKLMNO123456789012', 3),
(64, 'Demo User 64', 'demo64@example.test', '1990-01-01', '00000000064', '$2y$10$abcdefghijklmnopqrstuvABCDEFGHIJKLMNO123456789012', 3),
(65, 'Demo User 65', 'demo65@example.test', '1990-01-01', '00000000065', '$2y$10$abcdefghijklmnopqrstuvABCDEFGHIJKLMNO123456789012', 3),
(66, 'Demo User 66', 'demo66@example.test', '1990-01-01', '00000000066', '$2y$10$abcdefghijklmnopqrstuvABCDEFGHIJKLMNO123456789012', 3),
(67, 'Demo User 67', 'demo67@example.test', '1990-01-01', '00000000067', '$2y$10$abcdefghijklmnopqrstuvABCDEFGHIJKLMNO123456789012', 3),
(68, 'Demo User 68', 'demo68@example.test', '1990-01-01', '00000000068', '$2y$10$abcdefghijklmnopqrstuvABCDEFGHIJKLMNO123456789012', 3),
(69, 'Demo User 69', 'demo69@example.test', '1990-01-01', '00000000069', '$2y$10$abcdefghijklmnopqrstuvABCDEFGHIJKLMNO123456789012', 3),
(70, 'Demo User 70', 'demo70@example.test', '1990-01-01', '00000000070', '$2y$10$abcdefghijklmnopqrstuvABCDEFGHIJKLMNO123456789012', 3),
(71, 'Demo User 71', 'demo71@example.test', '1990-01-01', '00000000071', '$2y$10$abcdefghijklmnopqrstuvABCDEFGHIJKLMNO123456789012', 3),
(72, 'Demo User 72', 'demo72@example.test', '1990-01-01', '00000000072', '$2y$10$abcdefghijklmnopqrstuvABCDEFGHIJKLMNO123456789012', 3),
(73, 'Demo User 73', 'demo73@example.test', '1990-01-01', '00000000073', '$2y$10$abcdefghijklmnopqrstuvABCDEFGHIJKLMNO123456789012', 3),
(74, 'Demo User 74', 'demo74@example.test', '1990-01-01', '00000000074', '$2y$10$abcdefghijklmnopqrstuvABCDEFGHIJKLMNO123456789012', 3),
(75, 'Demo User 75', 'demo75@example.test', '1990-01-01', '00000000075', '$2y$10$abcdefghijklmnopqrstuvABCDEFGHIJKLMNO123456789012', 3),
(76, 'Demo User 76', 'demo76@example.test', '1990-01-01', '00000000076', '$2y$10$abcdefghijklmnopqrstuvABCDEFGHIJKLMNO123456789012', 3),
(77, 'Demo User 77', 'demo77@example.test', '1990-01-01', '00000000077', '$2y$10$abcdefghijklmnopqrstuvABCDEFGHIJKLMNO123456789012', 3),
(78, 'Demo User 78', 'demo78@example.test', '1990-01-01', '00000000078', '$2y$10$abcdefghijklmnopqrstuvABCDEFGHIJKLMNO123456789012', 3),
(79, 'Demo User 79', 'demo79@example.test', '1990-01-01', '00000000079', '$2y$10$abcdefghijklmnopqrstuvABCDEFGHIJKLMNO123456789012', 3),
(80, 'Demo User 80', 'demo80@example.test', '1990-01-01', '00000000080', '$2y$10$abcdefghijklmnopqrstuvABCDEFGHIJKLMNO123456789012', 3),
(81, 'Demo User 81', 'demo81@example.test', '1990-01-01', '00000000081', '$2y$10$abcdefghijklmnopqrstuvABCDEFGHIJKLMNO123456789012', 3),
(82, 'Demo User 82', 'demo82@example.test', '1990-01-01', '00000000082', '$2y$10$abcdefghijklmnopqrstuvABCDEFGHIJKLMNO123456789012', 3),
(83, 'Demo User 83', 'demo83@example.test', '1990-01-01', '00000000083', '$2y$10$abcdefghijklmnopqrstuvABCDEFGHIJKLMNO123456789012', 3),
(84, 'Demo User 84', 'demo84@example.test', '1990-01-01', '00000000084', '$2y$10$abcdefghijklmnopqrstuvABCDEFGHIJKLMNO123456789012', 3),
(85, 'Demo User 85', 'demo85@example.test', '1990-01-01', '00000000085', '$2y$10$abcdefghijklmnopqrstuvABCDEFGHIJKLMNO123456789012', 3),
(86, 'Demo User 86', 'demo86@example.test', '1990-01-01', '00000000086', '$2y$10$abcdefghijklmnopqrstuvABCDEFGHIJKLMNO123456789012', 3),
(87, 'Demo User 87', 'demo87@example.test', '1990-01-01', '00000000087', '$2y$10$abcdefghijklmnopqrstuvABCDEFGHIJKLMNO123456789012', 3),
(88, 'Demo User 88', 'demo88@example.test', '1990-01-01', '00000000088', '$2y$10$abcdefghijklmnopqrstuvABCDEFGHIJKLMNO123456789012', 3),
(89, 'Demo User 89', 'demo89@example.test', '1990-01-01', '00000000089', '$2y$10$abcdefghijklmnopqrstuvABCDEFGHIJKLMNO123456789012', 3),
(90, 'Demo User 90', 'demo90@example.test', '1990-01-01', '00000000090', '$2y$10$abcdefghijklmnopqrstuvABCDEFGHIJKLMNO123456789012', 3),
(91, 'Demo User 91', 'demo91@example.test', '1990-01-01', '00000000091', '$2y$10$abcdefghijklmnopqrstuvABCDEFGHIJKLMNO123456789012', 3),
(92, 'Demo User 92', 'demo92@example.test', '1990-01-01', '00000000092', '$2y$10$abcdefghijklmnopqrstuvABCDEFGHIJKLMNO123456789012', 3),
(93, 'Demo User 93', 'demo93@example.test', '1990-01-01', '00000000093', '$2y$10$abcdefghijklmnopqrstuvABCDEFGHIJKLMNO123456789012', 3),
(94, 'Demo User 94', 'demo94@example.test', '1990-01-01', '00000000094', '$2y$10$abcdefghijklmnopqrstuvABCDEFGHIJKLMNO123456789012', 3),
(95, 'Demo User 95', 'demo95@example.test', '1990-01-01', '00000000095', '$2y$10$abcdefghijklmnopqrstuvABCDEFGHIJKLMNO123456789012', 3),
(96, 'Demo User 96', 'demo96@example.test', '1990-01-01', '00000000096', '$2y$10$abcdefghijklmnopqrstuvABCDEFGHIJKLMNO123456789012', 3),
(97, 'Demo User 97', 'demo97@example.test', '1990-01-01', '00000000097', '$2y$10$abcdefghijklmnopqrstuvABCDEFGHIJKLMNO123456789012', 3),
(98, 'Demo User 98', 'demo98@example.test', '1990-01-01', '00000000098', '$2y$10$abcdefghijklmnopqrstuvABCDEFGHIJKLMNO123456789012', 3),
(99, 'Demo User 99', 'demo99@example.test', '1990-01-01', '00000000099', '$2y$10$abcdefghijklmnopqrstuvABCDEFGHIJKLMNO123456789012', 3),
(100, 'Demo User 100', 'demo100@example.test', '1990-01-01', '00000000100', '$2y$10$abcdefghijklmnopqrstuvABCDEFGHIJKLMNO123456789012', 3)
;
INSERT INTO produtos (idProdutos, Usuarios_idUsuarios, Nome, Descricao, Preco, Quantidade, Avaliacao, Categorias_idCategorias, Marca, FavoritosCount, TemDesconto, Desconto, CreatedAt) VALUES
(1, 1, 'Produto Demo 1', 'Descrição demo do produto 1', 19.90, 10, 4.5, 1, 'Marca 1', 0, 0, NULL, '2025-11-01 10:00:00'),
(2, 2, 'Produto Demo 2', 'Descrição demo do produto 2', 29.90, 5, 4.0, 2, 'Marca 2', 0, 1, 10.00, '2025-11-02 10:00:00'),
(3, 3, 'Produto Demo 3', 'Descrição demo do produto 3', 39.90, 8, 3.8, 3, 'Marca 3', 0, 0, NULL, '2025-11-03 10:00:00'),
(4, 4, 'Produto Demo 4', 'Descrição demo do produto 4', 49.90, 12, 4.7, 4, 'Marca 4', 0, 0, NULL, '2025-11-04 10:00:00'),
(5, 5, 'Produto Demo 5', 'Descrição demo do produto 5', 59.90, 3, 4.2, 5, 'Marca 5', 0, 1, 5.00, '2025-11-05 10:00:00'),
(6, 6, 'Produto Demo 6', 'Descrição demo do produto 6', 15.00, 20, 4.1, 6, 'Marca 6', 0, 0, NULL, '2025-11-06 10:00:00'),
(7, 7, 'Produto Demo 7', 'Descrição demo do produto 7', 25.00, 7, 3.9, 7, 'Marca 7', 0, 0, NULL, '2025-11-07 10:00:00'),
(8, 8, 'Produto Demo 8', 'Descrição demo do produto 8', 35.00, 15, 4.3, 8, 'Marca 8', 0, 0, NULL, '2025-11-08 10:00:00'),
(9, 9, 'Produto Demo 9', 'Descrição demo do produto 9', 45.00, 6, 4.6, 9, 'Marca 9', 0, 1, 12.00, '2025-11-09 10:00:00'),
(10, 10, 'Produto Demo 10', 'Descrição demo do produto 10', 55.00, 11, 4.8, 10, 'Marca 10', 0, 0, NULL, '2025-11-10 10:00:00'),
(11, 11, 'Produto Demo 11', 'Descrição demo do produto 11', 65.00, 9, 4.0, 11, 'Marca 1', 0, 0, NULL, '2025-11-11 10:00:00'),
(12, 12, 'Produto Demo 12', 'Descrição demo do produto 12', 75.00, 4, 3.7, 12, 'Marca 2', 0, 0, NULL, '2025-11-12 10:00:00'),
(13, 13, 'Produto Demo 13', 'Descrição demo do produto 13', 85.00, 2, 4.9, 13, 'Marca 3', 0, 1, 20.00, '2025-11-13 10:00:00'),
(14, 14, 'Produto Demo 14', 'Descrição demo do produto 14', 95.00, 14, 4.4, 14, 'Marca 4', 0, 0, NULL, '2025-11-14 10:00:00'),
(15, 15, 'Produto Demo 15', 'Descrição demo do produto 15', 105.00, 1, 3.5, 15, 'Marca 5', 0, 0, NULL, '2025-11-15 10:00:00'),
(16, 16, 'Produto Demo 16', 'Descrição demo do produto 16', 115.00, 18, 4.1, 16, 'Marca 6', 0, 0, NULL, '2025-11-16 10:00:00'),
(17, 17, 'Produto Demo 17', 'Descrição demo do produto 17', 125.00, 13, 4.2, 17, 'Marca 7', 0, 0, NULL, '2025-11-17 10:00:00'),
(18, 18, 'Produto Demo 18', 'Descrição demo do produto 18', 135.00, 17, 4.6, 18, 'Marca 8', 0, 1, 7.50, '2025-11-18 10:00:00'),
(19, 19, 'Produto Demo 19', 'Descrição demo do produto 19', 145.00, 16, 4.7, 19, 'Marca 9', 0, 0, NULL, '2025-11-19 10:00:00'),
(20, 20, 'Produto Demo 20', 'Descrição demo do produto 20', 155.00, 19, 4.9, 20, 'Marca 10', 0, 0, NULL, '2025-11-20 10:00:00'),
(21, 1, 'Produto Demo 21', 'Descrição demo do produto 21', 21.00, 10, 3.6, 1, 'Marca 1', 0, 0, NULL, '2025-11-21 10:00:00'),
(22, 2, 'Produto Demo 22', 'Descrição demo do produto 22', 22.00, 11, 4.1, 2, 'Marca 2', 0, 0, NULL, '2025-11-22 10:00:00'),
(23, 3, 'Produto Demo 23', 'Descrição demo do produto 23', 23.00, 12, 3.9, 3, 'Marca 3', 0, 1, 9.00, '2025-11-23 10:00:00'),
(24, 4, 'Produto Demo 24', 'Descrição demo do produto 24', 24.00, 13, 4.3, 4, 'Marca 4', 0, 0, NULL, '2025-11-24 10:00:00'),
(25, 5, 'Produto Demo 25', 'Descrição demo do produto 25', 25.00, 14, 4.0, 5, 'Marca 5', 0, 0, NULL, '2025-11-25 10:00:00'),
(26, 6, 'Produto Demo 26', 'Descrição demo do produto 26', 26.00, 15, 4.2, 6, 'Marca 6', 0, 0, NULL, '2025-11-26 10:00:00'),
(27, 7, 'Produto Demo 27', 'Descrição demo do produto 27', 27.00, 16, 4.4, 7, 'Marca 7', 0, 0, NULL, '2025-11-27 10:00:00'),
(28, 8, 'Produto Demo 28', 'Descrição demo do produto 28', 28.00, 17, 4.5, 8, 'Marca 8', 0, 1, 15.00, '2025-11-28 10:00:00'),
(29, 9, 'Produto Demo 29', 'Descrição demo do produto 29', 29.00, 18, 3.8, 9, 'Marca 9', 0, 0, NULL, '2025-11-29 10:00:00'),
(30, 10, 'Produto Demo 30', 'Descrição demo do produto 30', 30.00, 19, 4.6, 10, 'Marca 10', 0, 0, NULL, '2025-11-30 10:00:00'),
(31, 11, 'Produto Demo 31', 'Descrição demo do produto 31', 31.00, 20, 4.7, 11, 'Marca 1', 0, 0, NULL, '2025-12-01 10:00:00'),
(32, 12, 'Produto Demo 32', 'Descrição demo do produto 32', 32.00, 21, 4.8, 12, 'Marca 2', 0, 0, NULL, '2025-12-02 10:00:00'),
(33, 13, 'Produto Demo 33', 'Descrição demo do produto 33', 33.00, 22, 4.1, 13, 'Marca 3', 0, 0, NULL, '2025-12-03 10:00:00'),
(34, 14, 'Produto Demo 34', 'Descrição demo do produto 34', 34.00, 23, 3.9, 14, 'Marca 4', 0, 1, 6.50, '2025-12-04 10:00:00'),
(35, 15, 'Produto Demo 35', 'Descrição demo do produto 35', 35.00, 24, 4.0, 15, 'Marca 5', 0, 0, NULL, '2025-12-05 10:00:00'),
(36, 16, 'Produto Demo 36', 'Descrição demo do produto 36', 36.00, 25, 4.2, 16, 'Marca 6', 0, 0, NULL, '2025-12-06 10:00:00'),
(37, 17, 'Produto Demo 37', 'Descrição demo do produto 37', 37.00, 26, 4.3, 17, 'Marca 7', 0, 0, NULL, '2025-12-07 10:00:00'),
(38, 18, 'Produto Demo 38', 'Descrição demo do produto 38', 38.00, 27, 4.4, 18, 'Marca 8', 0, 1, 11.00, '2025-12-08 10:00:00'),
(39, 19, 'Produto Demo 39', 'Descrição demo do produto 39', 39.00, 28, 3.6, 19, 'Marca 9', 0, 0, NULL, '2025-12-09 10:00:00'),
(40, 20, 'Produto Demo 40', 'Descrição demo do produto 40', 40.00, 29, 4.6, 20, 'Marca 10', 0, 0, NULL, '2025-12-10 10:00:00'),
(41, 1, 'Produto Demo 41', 'Descrição demo do produto 41', 41.00, 30, 4.7, 1, 'Marca 1', 0, 0, NULL, '2025-12-11 10:00:00'),
(42, 2, 'Produto Demo 42', 'Descrição demo do produto 42', 42.00, 31, 4.8, 2, 'Marca 2', 0, 0, NULL, '2025-12-12 10:00:00'),
(43, 3, 'Produto Demo 43', 'Descrição demo do produto 43', 43.00, 32, 3.7, 3, 'Marca 3', 0, 1, 5.00, '2025-12-13 10:00:00'),
(44, 4, 'Produto Demo 44', 'Descrição demo do produto 44', 44.00, 33, 4.0, 4, 'Marca 4', 0, 0, NULL, '2025-12-14 10:00:00'),
(45, 5, 'Produto Demo 45', 'Descrição demo do produto 45', 45.00, 34, 4.2, 5, 'Marca 5', 0, 0, NULL, '2025-12-15 10:00:00'),
(46, 6, 'Produto Demo 46', 'Descrição demo do produto 46', 46.00, 35, 4.3, 6, 'Marca 6', 0, 0, NULL, '2025-12-16 10:00:00'),
(47, 7, 'Produto Demo 47', 'Descrição demo do produto 47', 47.00, 36, 4.4, 7, 'Marca 7', 0, 1, 8.00, '2025-12-17 10:00:00'),
(48, 8, 'Produto Demo 48', 'Descrição demo do produto 48', 48.00, 37, 4.5, 8, 'Marca 8', 0, 0, NULL, '2025-12-18 10:00:00'),
(49, 9, 'Produto Demo 49', 'Descrição demo do produto 49', 49.00, 38, 3.8, 9, 'Marca 9', 0, 0, NULL, '2025-12-19 10:00:00'),
(50, 10, 'Produto Demo 50', 'Descrição demo do produto 50', 50.00, 39, 4.6, 10, 'Marca 10', 0, 0, NULL, '2025-12-20 10:00:00'),
(51, 11, 'Produto Demo 51', 'Descrição demo do produto 51', 51.00, 40, 4.7, 11, 'Marca 1', 0, 1, 14.00, '2025-12-21 10:00:00'),
(52, 12, 'Produto Demo 52', 'Descrição demo do produto 52', 52.00, 41, 4.8, 12, 'Marca 2', 0, 0, NULL, '2025-12-22 10:00:00'),
(53, 13, 'Produto Demo 53', 'Descrição demo do produto 53', 53.00, 42, 4.1, 13, 'Marca 3', 0, 0, NULL, '2025-12-23 10:00:00'),
(54, 14, 'Produto Demo 54', 'Descrição demo do produto 54', 54.00, 43, 3.9, 14, 'Marca 4', 0, 0, NULL, '2025-12-24 10:00:00'),
(55, 15, 'Produto Demo 55', 'Descrição demo do produto 55', 55.00, 44, 4.0, 15, 'Marca 5', 0, 1, 3.50, '2025-12-25 10:00:00'),
(56, 16, 'Produto Demo 56', 'Descrição demo do produto 56', 56.00, 45, 4.2, 16, 'Marca 6', 0, 0, NULL, '2025-12-26 10:00:00'),
(57, 17, 'Produto Demo 57', 'Descrição demo do produto 57', 57.00, 46, 4.3, 17, 'Marca 7', 0, 0, NULL, '2025-12-27 10:00:00'),
(58, 18, 'Produto Demo 58', 'Descrição demo do produto 58', 58.00, 47, 4.4, 18, 'Marca 8', 0, 0, NULL, '2025-12-28 10:00:00'),
(59, 19, 'Produto Demo 59', 'Descrição demo do produto 59', 59.00, 48, 3.6, 19, 'Marca 9', 0, 1, 4.00, '2025-12-29 10:00:00'),
(60, 20, 'Produto Demo 60', 'Descrição demo do produto 60', 60.00, 49, 4.6, 20, 'Marca 10', 0, 0, NULL, '2025-12-30 10:00:00'),
(61, 1, 'Produto Demo 61', 'Descrição demo do produto 61', 61.00, 50, 4.7, 1, 'Marca 1', 0, 0, NULL, '2025-12-31 10:00:00'),
(62, 2, 'Produto Demo 62', 'Descrição demo do produto 62', 62.00, 51, 4.8, 2, 'Marca 2', 0, 0, NULL, '2026-01-01 10:00:00'),
(63, 3, 'Produto Demo 63', 'Descrição demo do produto 63', 63.00, 52, 3.7, 3, 'Marca 3', 0, 0, NULL, '2026-01-02 10:00:00'),
(64, 4, 'Produto Demo 64', 'Descrição demo do produto 64', 64.00, 53, 3.9, 4, 'Marca 4', 0, 1, 2.50, '2026-01-03 10:00:00'),
(65, 5, 'Produto Demo 65', 'Descrição demo do produto 65', 65.00, 54, 4.0, 5, 'Marca 5', 0, 0, NULL, '2026-01-04 10:00:00'),
(66, 6, 'Produto Demo 66', 'Descrição demo do produto 66', 66.00, 55, 4.2, 6, 'Marca 6', 0, 0, NULL, '2026-01-05 10:00:00'),
(67, 7, 'Produto Demo 67', 'Descrição demo do produto 67', 67.00, 56, 4.3, 7, 'Marca 7', 0, 0, NULL, '2026-01-06 10:00:00'),
(68, 8, 'Produto Demo 68', 'Descrição demo do produto 68', 68.00, 57, 4.4, 8, 'Marca 8', 0, 0, NULL, '2026-01-07 10:00:00'),
(69, 9, 'Produto Demo 69', 'Descrição demo do produto 69', 69.00, 58, 3.8, 9, 'Marca 9', 0, 1, 13.00, '2026-01-08 10:00:00'),
(70, 10, 'Produto Demo 70', 'Descrição demo do produto 70', 70.00, 59, 4.6, 10, 'Marca 10', 0, 0, NULL, '2026-01-09 10:00:00'),
(71, 11, 'Produto Demo 71', 'Descrição demo do produto 71', 71.00, 60, 4.7, 11, 'Marca 1', 0, 0, NULL, '2026-01-10 10:00:00'),
(72, 12, 'Produto Demo 72', 'Descrição demo do produto 72', 72.00, 61, 4.8, 12, 'Marca 2', 0, 1, 18.00, '2026-01-11 10:00:00'),
(73, 13, 'Produto Demo 73', 'Descrição demo do produto 73', 73.00, 62, 4.1, 13, 'Marca 3', 0, 0, NULL, '2026-01-12 10:00:00'),
(74, 14, 'Produto Demo 74', 'Descrição demo do produto 74', 74.00, 63, 3.7, 14, 'Marca 4', 0, 0, NULL, '2026-01-13 10:00:00'),
(75, 15, 'Produto Demo 75', 'Descrição demo do produto 75', 75.00, 64, 4.5, 15, 'Marca 5', 0, 0, NULL, '2026-01-14 10:00:00'),
(76, 16, 'Produto Demo 76', 'Descrição demo do produto 76', 76.00, 65, 4.2, 16, 'Marca 6', 0, 0, NULL, '2026-01-15 10:00:00'),
(77, 17, 'Produto Demo 77', 'Descrição demo do produto 77', 77.00, 66, 4.3, 17, 'Marca 7', 0, 1, 22.00, '2026-01-16 10:00:00'),
(78, 18, 'Produto Demo 78', 'Descrição demo do produto 78', 78.00, 67, 4.4, 18, 'Marca 8', 0, 0, NULL, '2026-01-17 10:00:00'),
(79, 19, 'Produto Demo 79', 'Descrição demo do produto 79', 79.00, 68, 3.6, 19, 'Marca 9', 0, 0, NULL, '2026-01-18 10:00:00'),
(80, 20, 'Produto Demo 80', 'Descrição demo do produto 80', 80.00, 69, 4.0, 20, 'Marca 10', 0, 0, NULL, '2026-01-19 10:00:00'),
(81, 1, 'Produto Demo 81', 'Descrição demo do produto 81', 81.00, 70, 4.1, 1, 'Marca 1', 0, 0, NULL, '2026-01-20 10:00:00'),
(82, 2, 'Produto Demo 82', 'Descrição demo do produto 82', 82.00, 71, 4.2, 2, 'Marca 2', 0, 0, NULL, '2026-01-21 10:00:00'),
(83, 3, 'Produto Demo 83', 'Descrição demo do produto 83', 83.00, 72, 4.3, 3, 'Marca 3', 0, 1, 6.00, '2026-01-22 10:00:00'),
(84, 4, 'Produto Demo 84', 'Descrição demo do produto 84', 84.00, 73, 4.4, 4, 'Marca 4', 0, 0, NULL, '2026-01-23 10:00:00'),
(85, 5, 'Produto Demo 85', 'Descrição demo do produto 85', 85.00, 74, 4.5, 5, 'Marca 5', 0, 0, NULL, '2026-01-24 10:00:00'),
(86, 6, 'Produto Demo 86', 'Descrição demo do produto 86', 86.00, 75, 3.8, 6, 'Marca 6', 0, 0, NULL, '2026-01-25 10:00:00'),
(87, 7, 'Produto Demo 87', 'Descrição demo do produto 87', 87.00, 76, 4.6, 7, 'Marca 7', 0, 0, NULL, '2026-01-26 10:00:00'),
(88, 8, 'Produto Demo 88', 'Descrição demo do produto 88', 88.00, 77, 4.7, 8, 'Marca 8', 0, 0, NULL, '2026-01-27 10:00:00'),
(89, 9, 'Produto Demo 89', 'Descrição demo do produto 89', 89.00, 78, 4.8, 9, 'Marca 9', 0, 1, 9.50, '2026-01-28 10:00:00'),
(90, 10, 'Produto Demo 90', 'Descrição demo do produto 90', 90.00, 79, 4.9, 10, 'Marca 10', 0, 0, NULL, '2026-01-29 10:00:00'),
(91, 11, 'Produto Demo 91', 'Descrição demo do produto 91', 91.00, 80, 4.2, 11, 'Marca 1', 0, 0, NULL, '2026-01-30 10:00:00'),
(92, 12, 'Produto Demo 92', 'Descrição demo do produto 92', 92.00, 81, 3.9, 12, 'Marca 2', 0, 0, NULL, '2026-01-31 10:00:00'),
(93, 13, 'Produto Demo 93', 'Descrição demo do produto 93', 93.00, 82, 4.0, 13, 'Marca 3', 0, 1, 2.00, '2026-02-01 10:00:00'),
(94, 14, 'Produto Demo 94', 'Descrição demo do produto 94', 94.00, 83, 4.1, 14, 'Marca 4', 0, 0, NULL, '2026-02-02 10:00:00'),
(95, 15, 'Produto Demo 95', 'Descrição demo do produto 95', 95.00, 84, 4.3, 15, 'Marca 5', 0, 0, NULL, '2026-02-03 10:00:00'),
(96, 16, 'Produto Demo 96', 'Descrição demo do produto 96', 96.00, 85, 4.4, 16, 'Marca 6', 0, 0, NULL, '2026-02-04 10:00:00'),
(97, 17, 'Produto Demo 97', 'Descrição demo do produto 97', 97.00, 86, 3.5, 17, 'Marca 7', 0, 1, 7.00, '2026-02-05 10:00:00'),
(98, 18, 'Produto Demo 98', 'Descrição demo do produto 98', 98.00, 87, 4.0, 18, 'Marca 8', 0, 0, NULL, '2026-02-06 10:00:00'),
(99, 19, 'Produto Demo 99', 'Descrição demo do produto 99', 99.00, 88, 4.2, 19, 'Marca 9', 0, 0, NULL, '2026-02-07 10:00:00'),
(100, 20, 'Produto Demo 100', 'Descrição demo do produto 100', 100.00, 90, 4.6, 20, 'Marca 10', 0, 0, NULL, '2026-02-08 10:00:00')
;
-- Insert one image record per product (ImagemUrl stored as text path)
INSERT INTO enderecoimagem (idEnderecoImagem, ImagemUrl, Produtos_idProdutos) VALUES
(1, 'images/demo/product_1.jpg', 1),
(2, 'images/demo/product_2.jpg', 2),
(3, 'images/demo/product_3.jpg', 3),
(4, 'images/demo/product_4.jpg', 4),
(5, 'images/demo/product_5.jpg', 5),
(6, 'images/demo/product_6.jpg', 6),
(7, 'images/demo/product_7.jpg', 7),
(8, 'images/demo/product_8.jpg', 8),
(9, 'images/demo/product_9.jpg', 9),
(10, 'images/demo/product_10.jpg', 10),
(11, 'images/demo/product_11.jpg', 11),
(12, 'images/demo/product_12.jpg', 12),
(13, 'images/demo/product_13.jpg', 13),
(14, 'images/demo/product_14.jpg', 14),
(15, 'images/demo/product_15.jpg', 15),
(16, 'images/demo/product_16.jpg', 16),
(17, 'images/demo/product_17.jpg', 17),
(18, 'images/demo/product_18.jpg', 18),
(19, 'images/demo/product_19.jpg', 19),
(20, 'images/demo/product_20.jpg', 20),
(21, 'images/demo/product_21.jpg', 21),
(22, 'images/demo/product_22.jpg', 22),
(23, 'images/demo/product_23.jpg', 23),
(24, 'images/demo/product_24.jpg', 24),
(25, 'images/demo/product_25.jpg', 25),
(26, 'images/demo/product_26.jpg', 26),
(27, 'images/demo/product_27.jpg', 27),
(28, 'images/demo/product_28.jpg', 28),
(29, 'images/demo/product_29.jpg', 29),
(30, 'images/demo/product_30.jpg', 30),
(31, 'images/demo/product_31.jpg', 31),
(32, 'images/demo/product_32.jpg', 32),
(33, 'images/demo/product_33.jpg', 33),
(34, 'images/demo/product_34.jpg', 34),
(35, 'images/demo/product_35.jpg', 35),
(36, 'images/demo/product_36.jpg', 36),
(37, 'images/demo/product_37.jpg', 37),
(38, 'images/demo/product_38.jpg', 38),
(39, 'images/demo/product_39.jpg', 39),
(40, 'images/demo/product_40.jpg', 40),
(41, 'images/demo/product_41.jpg', 41),
(42, 'images/demo/product_42.jpg', 42),
(43, 'images/demo/product_43.jpg', 43),
(44, 'images/demo/product_44.jpg', 44),
(45, 'images/demo/product_45.jpg', 45),
(46, 'images/demo/product_46.jpg', 46),
(47, 'images/demo/product_47.jpg', 47),
(48, 'images/demo/product_48.jpg', 48),
(49, 'images/demo/product_49.jpg', 49),
(50, 'images/demo/product_50.jpg', 50),
(51, 'images/demo/product_51.jpg', 51),
(52, 'images/demo/product_52.jpg', 52),
(53, 'images/demo/product_53.jpg', 53),
(54, 'images/demo/product_54.jpg', 54),
(55, 'images/demo/product_55.jpg', 55),
(56, 'images/demo/product_56.jpg', 56),
(57, 'images/demo/product_57.jpg', 57),
(58, 'images/demo/product_58.jpg', 58),
(59, 'images/demo/product_59.jpg', 59),
(60, 'images/demo/product_60.jpg', 60),
(61, 'images/demo/product_61.jpg', 61),
(62, 'images/demo/product_62.jpg', 62),
(63, 'images/demo/product_63.jpg', 63),
(64, 'images/demo/product_64.jpg', 64),
(65, 'images/demo/product_65.jpg', 65),
(66, 'images/demo/product_66.jpg', 66),
(67, 'images/demo/product_67.jpg', 67),
(68, 'images/demo/product_68.jpg', 68),
(69, 'images/demo/product_69.jpg', 69),
(70, 'images/demo/product_70.jpg', 70),
(71, 'images/demo/product_71.jpg', 71),
(72, 'images/demo/product_72.jpg', 72),
(73, 'images/demo/product_73.jpg', 73),
(74, 'images/demo/product_74.jpg', 74),
(75, 'images/demo/product_75.jpg', 75),
(76, 'images/demo/product_76.jpg', 76),
(77, 'images/demo/product_77.jpg', 77),
(78, 'images/demo/product_78.jpg', 78),
(79, 'images/demo/product_79.jpg', 79),
(80, 'images/demo/product_80.jpg', 80),
(81, 'images/demo/product_81.jpg', 81),
(82, 'images/demo/product_82.jpg', 82),
(83, 'images/demo/product_83.jpg', 83),
(84, 'images/demo/product_84.jpg', 84),
(85, 'images/demo/product_85.jpg', 85),
(86, 'images/demo/product_86.jpg', 86),
(87, 'images/demo/product_87.jpg', 87),
(88, 'images/demo/product_88.jpg', 88),
(89, 'images/demo/product_89.jpg', 89),
(90, 'images/demo/product_90.jpg', 90),
(91, 'images/demo/product_91.jpg', 91),
(92, 'images/demo/product_92.jpg', 92),
(93, 'images/demo/product_93.jpg', 93),
(94, 'images/demo/product_94.jpg', 94),
(95, 'images/demo/product_95.jpg', 95),
(96, 'images/demo/product_96.jpg', 96),
(97, 'images/demo/product_97.jpg', 97),
(98, 'images/demo/product_98.jpg', 98),
(99, 'images/demo/product_99.jpg', 99),
(100, 'images/demo/product_100.jpg', 100)
;

SET FOREIGN_KEY_CHECKS = 1;
